player_id,player_name,event_date,event_name,event_tier,event_category,round_phase,opponent_id,opponent_name,match_score,player_result
202918,Ahona RAY,2025-10-23,WTT Youth Contender Dubai 2025,12,,U15 Girls Singles - Group 13 - Match 2,211686,,1-3,W
202918,Ahona RAY,2025-10-23,WTT Youth Contender Dubai 2025,12,,U15 Girls Singles - Group 13 - Match 5,204496,CHOI Seowon,3-0,L
202918,Ahona RAY,2025-10-23,WTT Youth Contender Dubai 2025,12,,U15 Girls Singles - Group 13 - Match 4,204491,HUANG Yi Xuan,0-3,W
202918,Ahona RAY,2025-10-24,WTT Youth Contender Dubai 2025,12,,U15 Girls Singles - Round of 32 - Match 3,206038,SHIN Hyorin,3-1,L
202918,Ahona RAY,2026-01-02,WTT Youth Contender Vadodara 2026 Presented by Sports Authority of Gujarat,12,,U17 Girls' Singles - Group 14 - Match 2,201875,Pratha PAWAR,3-2,L
202918,Ahona RAY,2026-01-02,WTT Youth Contender Vadodara 2026 Presented by Sports Authority of Gujarat,12,,U17 Girls' Singles - Group 14 - Match 3,222174,,3-0,W
202918,Ahona RAY,2026-01-02,WTT Youth Contender Vadodara 2026 Presented by Sports Authority of Gujarat,12,,U17 Girls' Singles - Round of 32 - Match 1,202723,Divyanshi BHOWMICK,3-0,L
202918,Ahona RAY,2026-01-04,WTT Youth Contender Vadodara 2026 Presented by Sports Authority of Gujarat,12,,U15 Girls' Singles - Group 15 - Match 1,223564,,3-1,W
202918,Ahona RAY,2026-01-04,WTT Youth Contender Vadodara 2026 Presented by Sports Authority of Gujarat,12,,U15 Girls' Singles - Group 15 - Match 2,207178,Pragnya PRAGNYA,3-0,W
202918,Ahona RAY,2026-01-05,WTT Youth Contender Vadodara 2026 Presented by Sports Authority of Gujarat,12,,U15 Girls' Singles - Round of 16 - Match 6,213004,Sreejani CHAKRABORTY,2-3,L
202918,Ahona RAY,2026-01-05,WTT Youth Contender Vadodara 2026 Presented by Sports Authority of Gujarat,12,,U15 Girls' Singles - Round of 32 - Match 11,212838,,3-0,W
202918,Ahona RAY,2026-01-14,WTT Youth Contender Manama 2026,12,,U17 Girls' Singles - Group 6 - Match 3,221624,Amina ILIMBETOVA,0-3,L
202918,Ahona RAY,2026-01-14,WTT Youth Contender Manama 2026,12,,U17 Girls' Singles - Group 6 - Match 2,137770,Eseniia SHIROKOVA,3-1,L
202918,Ahona RAY,2026-01-16,WTT Youth Contender Manama 2026,12,,U15 Girls' Singles - Group 4 - Match 6,221651,,1-3,W
202918,Ahona RAY,2026-01-16,WTT Youth Contender Manama 2026,12,,U15 Girls' Singles - Group 4 - Match 4,202902,Muthuli WELATHANTHRIGE,3-0,W
202918,Ahona RAY,2026-01-16,WTT Youth Contender Manama 2026,12,,U15 Girls' Singles - Group 4 - Match 1,206754,Advika AGRAWAL,0-3,W
202918,Ahona RAY,2026-01-17,WTT Youth Contender Manama 2026,12,,U15 Girls' Singles - Semifinal - Match 2,221618,Varvara TOLMACHEVA,1-3,L
202918,Ahona RAY,2026-01-17,WTT Youth Contender Manama 2026,12,,U15 Girls' Singles - Quarterfinal - Match 3,206727,Nihal ALQAHTANI,3-0,W
202918,Ahona RAY,2026-01-19,WTT Youth Contender Doha 2026,12,,U17 Girls' Singles - Round of 32 - Match 2,201476,Anna WALTER,3-2,L
202918,Ahona RAY,2026-01-19,WTT Youth Contender Doha 2026,12,,U17 Girls' Singles - Group 6 - Match 3,205829,YEUNG Yee Lam,1-3,W
202918,Ahona RAY,2026-01-19,WTT Youth Contender Doha 2026,12,,U17 Girls' Singles - Group 6 - Match 1,200271,Nina SKERBINZ,3-2,L
202918,Ahona RAY,2026-01-21,WTT Youth Contender Doha 2026,12,,U15 Girls' Singles - Group 1 - Match 1,201145,Ankolika CHAKRABORTY,1-3,W
202918,Ahona RAY,2026-01-21,WTT Youth Contender Doha 2026,12,,U15 Girls' Singles - Group 1 - Match 3,206828,Aishath NAFIZ,0-3,W
202918,Ahona RAY,2026-01-22,WTT Youth Contender Doha 2026,12,,U15 Girls' Singles - Quarterfinal - Match 1,203270,Malak ZAKI,3-0,W
202918,Ahona RAY,2026-01-22,WTT Youth Contender Doha 2026,12,,U15 Girls' Singles - Final - Match 1,213004,Sreejani CHAKRABORTY,1-3,L
202918,Ahona RAY,2026-01-22,WTT Youth Contender Doha 2026,12,,U15 Girls' Singles - Semifinal - Match 1,204130,LEE Yeseo,3-0,W
202918,Ahona RAY,2026-01-23,WTT Youth Star Contender Doha 2026,10,,U15 Girls' Singles - Group 1 - Match 1,201145,Ankolika CHAKRABORTY,1-3,W
202918,Ahona RAY,2026-01-24,WTT Youth Star Contender Doha 2026,10,,U15 Girls' Singles - Group 1 - Match 3,204111,Ela YONTER,2-3,W
202918,Ahona RAY,2026-01-25,WTT Youth Star Contender Doha 2026,10,,U15 Girls' Singles - Semifinal - Match 1,201265,ZHANG Jia Yu,3-2,W
202918,Ahona RAY,2026-01-25,WTT Youth Star Contender Doha 2026,10,,U15 Girls' Singles - Quarterfinal - Match 1,201420,Sophia PICHLER,3-0,W
202918,Ahona RAY,2026-01-25,WTT Youth Star Contender Doha 2026,10,,U15 Girls' Singles - Final - Match 1,201145,Ankolika CHAKRABORTY,3-2,W
202918,Ahona RAY,2026-04-09,ITTF-ATTU South Asia Youth Championships Shimla 2026,,,,220919,Shyra SHAKYA,0-3,W
202918,Ahona RAY,2026-04-09,ITTF-ATTU South Asia Youth Championships Shimla 2026,,,,225605,Sabiha PAPIYA,0-3,W
202918,Ahona RAY,2026-05-18,WTT Youth Contender Bangkok 2026,12,U17 Girls' Singles,U17 Girls' Singles - Group 22 - Match 2,201137,LIAO Yixuan,2-3,W
202918,Ahona RAY,2026-05-18,WTT Youth Contender Bangkok 2026,12,U17 Girls' Singles,U17 Girls' Singles - Group 22 - Match 3,207110,LE VAN CHI Do,3-1,W
202918,Ahona RAY,2026-05-18,WTT Youth Contender Bangkok 2026,12,U17 Girls' Singles,U17 Girls' Singles - Round of 64 - Match 27,221964,SIE Jhih Chen,0-3,L
202918,Ahona RAY,2026-05-20,WTT Youth Contender Bangkok 2026,12,U15 Girls' Singles,U15 Girls' Singles - Group 8 - Match 2,202949,Patcharaporn URAPORN,3-0,W
202918,Ahona RAY,2026-05-20,WTT Youth Contender Bangkok 2026,12,U15 Girls' Singles,U15 Girls' Singles - Group 8 - Match 1,225461,Sora ARAI,2-3,L
202918,Ahona RAY,2026-05-21,WTT Youth Contender Bangkok 2026,12,U15 Girls' Singles,U15 Girls' Singles - Round of 32 - Match 8,201137,LIAO Yixuan,1-3,L
202918,Ahona RAY,2026-05-21,WTT Youth Contender Bangkok 2026,12,U15 Girls' Singles,U15 Girls' Singles - Round of 64 - Match 15,221597,ZHENG Yun Tong,3-1,W
202918,Ahona RAY,2026-05-22,WTT Youth Star Contender Bangkok 2026,10,U15 Girls' Singles,U15 Girls' Singles - Group 8 - Match 2,208929,ZAINUDEEN Sonia,3-0,W
202918,Ahona RAY,2026-05-23,WTT Youth Star Contender Bangkok 2026,10,U15 Girls' Singles,U15 Girls' Singles - Group 8 - Match 6,206688,Thunyatorn MEEKAEW,3-2,W
202918,Ahona RAY,2026-05-23,WTT Youth Star Contender Bangkok 2026,10,U15 Girls' Singles,U15 Girls' Singles - Group 8 - Match 3,213467,ZHOU Yufei,3-1,L
202918,Ahona RAY,2026-05-24,WTT Youth Star Contender Bangkok 2026,10,U15 Girls' Singles,U15 Girls' Singles - Quarterfinal - Match 3,202752,Naisha REWASKAR,0-3,L
202918,Ahona RAY,2026-05-24,WTT Youth Star Contender Bangkok 2026,10,U15 Girls' Singles,U15 Girls' Singles - Round of 16 - Match 5,201265,ZHANG Jia Yu,2-3,W
145804,Hansini MATHAN,2025-06-26,29th Asian Youth Championships 2025,11,,,221270,Shoira KODIROVA,0-3,W
145804,Hansini MATHAN,2025-06-29,29th Asian Youth Championships 2025,11,U19 Girls' Singles - Group 19 - Match 5,U19 Girls' Singles - Group 19 - Match 5,135571,LAI Chloe,3-2,W
145804,Hansini MATHAN,2025-06-29,29th Asian Youth Championships 2025,11,U19 Girls' Singles - Group 19 - Match 1,U19 Girls' Singles - Group 19 - Match 1,220834,,3-1,W
145804,Hansini MATHAN,2025-06-29,29th Asian Youth Championships 2025,11,U19 Girls' Singles - Group 19 - Match 3,U19 Girls' Singles - Group 19 - Match 3,202991,Bianca RAI,3-0,W
145804,Hansini MATHAN,2025-06-30,29th Asian Youth Championships 2025,11,U19 Girls' Singles - Round of 32 - Match 15,U19 Girls' Singles - Round of 32 - Match 15,145267,Yuna OJIO,4-0,L
145804,Hansini MATHAN,2025-07-23,WTT Youth Contender Almaty 2025,12,,U17 Girls Singles - Group 10 - Match 1,221651,,0-3,L
145804,Hansini MATHAN,2025-07-23,WTT Youth Contender Almaty 2025,12,,U17 Girls Singles - Group 10 - Match 2,201265,ZHANG Jia Yu,3-1,W
145804,Hansini MATHAN,2025-07-23,WTT Youth Contender Almaty 2025,12,,U17 Girls Singles - Round of 32 - Match 11,137752,Zlata TEREKHOVA,3-1,L
145804,Hansini MATHAN,2025-07-25,WTT Youth Contender Almaty 2025,12,,U19 Girls Singles - Group 12 - Match 2,201271,MAK Ming Shum,0-3,L
145804,Hansini MATHAN,2025-07-25,WTT Youth Contender Almaty 2025,12,,U19 Girls Singles - Group 12 - Match 1,137752,Zlata TEREKHOVA,2-3,L
145804,Hansini MATHAN,2025-08-29,WTT Feeder Olomouc 2025,7,,Women's Singles - Round of 64 - Match 27,121890,Ema LABOSOVA,2-3,W
145804,Hansini MATHAN,2025-08-29,WTT Feeder Olomouc 2025,7,,Women's Singles - Round of 32 - Match 14,121041,Katarzyna WEGRZYN,3-2,W
145804,Hansini MATHAN,2025-08-30,WTT Feeder Olomouc 2025,7,,Women's Singles - Round of 16 - Match 7,137193,YOO Yerin,3-0,L
145804,Hansini MATHAN,2026-01-02,WTT Youth Contender Vadodara 2026 Presented by Sports Authority of Gujarat,12,,U17 Girls' Singles - Round of 16 - Match 1,202723,Divyanshi BHOWMICK,2-3,W
145804,Hansini MATHAN,2026-01-02,WTT Youth Contender Vadodara 2026 Presented by Sports Authority of Gujarat,12,,U17 Girls' Singles - Group 10 - Match 1,223535,,3-0,W
145804,Hansini MATHAN,2026-01-02,WTT Youth Contender Vadodara 2026 Presented by Sports Authority of Gujarat,12,,U17 Girls' Singles - Group 10 - Match 2,212955,,3-0,W
145804,Hansini MATHAN,2026-01-02,WTT Youth Contender Vadodara 2026 Presented by Sports Authority of Gujarat,12,,U17 Girls' Singles - Round of 32 - Match 2,200318,Ananya MURALIDHARAN,1-3,W
145804,Hansini MATHAN,2026-01-03,WTT Youth Contender Vadodara 2026 Presented by Sports Authority of Gujarat,12,,U17 Girls' Singles - Semifinal - Match 1,202752,Naisha REWASKAR,3-1,W
145804,Hansini MATHAN,2026-01-03,WTT Youth Contender Vadodara 2026 Presented by Sports Authority of Gujarat,12,,U17 Girls' Singles - Final - Match 1,201368,Syndrela DAS,1-3,L
145804,Hansini MATHAN,2026-01-03,WTT Youth Contender Vadodara 2026 Presented by Sports Authority of Gujarat,12,,U17 Girls' Singles - Quarterfinal - Match 1,222589,,3-0,W
145804,Hansini MATHAN,2026-01-04,WTT Youth Contender Vadodara 2026 Presented by Sports Authority of Gujarat,12,,U19 Girls' Singles - Group 11 - Match 1,223592,,3-0,W
145804,Hansini MATHAN,2026-01-04,WTT Youth Contender Vadodara 2026 Presented by Sports Authority of Gujarat,12,,U19 Girls' Singles - Group 11 - Match 2,200578,Evana THAPA,3-0,W
145804,Hansini MATHAN,2026-01-05,WTT Youth Contender Vadodara 2026 Presented by Sports Authority of Gujarat,12,,U19 Girls' Singles - Round of 32 - Match 3,201365,Bhattacharjee SANDIKA,3-0,W
145804,Hansini MATHAN,2026-01-05,WTT Youth Contender Vadodara 2026 Presented by Sports Authority of Gujarat,12,,U19 Girls' Singles - Round of 16 - Match 2,202443,Avani TRIPATHI,2-3,L
145804,Hansini MATHAN,2026-01-09,WTT Feeder Vadodara 2026 Presented by Sports Authority of Gujarat,7,,Women's Singles - Round of 32 - Match 12,137193,YOO Yerin,3-0,W
145804,Hansini MATHAN,2026-01-10,WTT Feeder Vadodara 2026 Presented by Sports Authority of Gujarat,7,,Women's Singles - Round of 16 - Match 6,132701,RYU Hanna,3-2,L
145804,Hansini MATHAN,2026-02-02,WTT Youth Contender Tunis 2026,12,,U17 Girls' Singles - Round of 16 - Match 6,201271,MAK Ming Shum,2-3,L
145804,Hansini MATHAN,2026-02-02,WTT Youth Contender Tunis 2026,12,,U17 Girls' Singles - Group 11 - Match 1,223912,,3-0,W
145804,Hansini MATHAN,2026-02-02,WTT Youth Contender Tunis 2026,12,,U17 Girls' Singles - Group 11 - Match 2,201097,Siri BENJEGARD,3-0,W
145804,Hansini MATHAN,2026-02-02,WTT Youth Contender Tunis 2026,12,,U17 Girls' Singles - Round of 32 - Match 11,201096,Laurynne CABARDO,3-0,W
145804,Hansini MATHAN,2026-02-04,WTT Youth Contender Tunis 2026,12,,U19 Girls' Singles - Group 10 - Match 2,223912,,3-0,W
145804,Hansini MATHAN,2026-02-04,WTT Youth Contender Tunis 2026,12,,U19 Girls' Singles - Group 10 - Match 3,133078,Aleksandra BOKOVA,3-1,L
145804,Hansini MATHAN,2026-02-04,WTT Youth Contender Tunis 2026,12,,U19 Girls' Singles - Group 10 - Match 6,201316,Salma BEJI,3-0,W
145804,Hansini MATHAN,2026-02-05,WTT Youth Contender Tunis 2026,12,,U19 Girls' Singles - Round of 16 - Match 7,143930,Francesca SEU,0-3,W
145804,Hansini MATHAN,2026-02-05,WTT Youth Contender Tunis 2026,12,,U19 Girls' Singles - Quarterfinal - Match 4,200456,Koharu ITAGAKI,0-3,L
145804,Hansini MATHAN,2026-02-06,WTT Youth Star Contender Tunis 2026,10,,U19 Girls' Singles - Group 2 - Match 1,146232,Nina GUO ZHENG,3-2,L
145804,Hansini MATHAN,2026-02-07,WTT Youth Star Contender Tunis 2026,10,,U19 Girls' Singles - Group 2 - Match 4,201316,Salma BEJI,3-0,W
145804,Hansini MATHAN,2026-02-07,WTT Youth Star Contender Tunis 2026,10,,U19 Girls' Singles - Group 2 - Match 6,201305,Rokaia ELBAZ,0-3,W
145804,Hansini MATHAN,2026-02-08,WTT Youth Star Contender Tunis 2026,10,,U19 Girls' Singles - Round of 16 - Match 8,137770,Eseniia SHIROKOVA,3-1,L
145804,Hansini MATHAN,2026-02-11,WTT Star Contender Chennai 2026,4,,Women's Singles - Qualifying Round 3 - Match 3,134887,Nithya MANI,2-3,L
145804,Hansini MATHAN,2026-02-11,WTT Star Contender Chennai 2026,4,,Women's Singles - Qualifying Round 2 - Match 5,134873,Oishiki JOARDAR,3-1,W
145804,Hansini MATHAN,2026-05-18,WTT Youth Contender Bangkok 2026,12,U17 Girls' Singles,U17 Girls' Singles - Group 16 - Match 2,221964,SIE Jhih Chen,3-2,W
145804,Hansini MATHAN,2026-05-18,WTT Youth Contender Bangkok 2026,12,U17 Girls' Singles,U17 Girls' Singles - Round of 16 - Match 3,203122,CHEN Chi-Yun,3-1,L
145804,Hansini MATHAN,2026-05-18,WTT Youth Contender Bangkok 2026,12,U17 Girls' Singles,U17 Girls' Singles - Round of 32 - Match 6,202752,Naisha REWASKAR,2-3,W
145804,Hansini MATHAN,2026-05-18,WTT Youth Contender Bangkok 2026,12,U17 Girls' Singles,U17 Girls' Singles - Round of 64 - Match 12,210959,NGUYEN Nhu Quynh,0-3,W
145804,Hansini MATHAN,2026-05-18,WTT Youth Contender Bangkok 2026,12,U17 Girls' Singles,U17 Girls' Singles - Group 16 - Match 1,206580,CHONG Yi Hang,3-2,W
145804,Hansini MATHAN,2026-05-20,WTT Youth Contender Bangkok 2026,12,U19 Girls' Singles,U19 Girls' Singles - Group 19 - Match 1,205793,HUANG Jun-Fan,3-0,W
145804,Hansini MATHAN,2026-05-20,WTT Youth Contender Bangkok 2026,12,U19 Girls' Singles,U19 Girls' Singles - Group 19 - Match 2,135571,LAI Chloe,0-3,L
145804,Hansini MATHAN,2026-05-21,WTT Youth Contender Bangkok 2026,12,U19 Girls' Singles,U19 Girls' Singles - Round of 64 - Match 19,201265,ZHANG Jia Yu,3-0,W
145804,Hansini MATHAN,2026-05-21,WTT Youth Contender Bangkok 2026,12,U19 Girls' Singles,U19 Girls' Singles - Round of 32 - Match 10,225056,Karin ANDO,0-3,L
145804,Hansini MATHAN,2026-05-22,WTT Youth Star Contender Bangkok 2026,10,U19 Girls' Singles,U19 Girls' Singles - Group 4 - Match 1,145134,Constantina PSIHOGIOS,1-3,W
145804,Hansini MATHAN,2026-05-23,WTT Youth Star Contender Bangkok 2026,10,U19 Girls' Singles,U19 Girls' Singles - Group 4 - Match 4,206411,CHONG Zi Sian,3-0,W
145804,Hansini MATHAN,2026-05-23,WTT Youth Star Contender Bangkok 2026,10,U19 Girls' Singles,U19 Girls' Singles - Group 4 - Match 6,210319,HU Yi,3-0,L
145804,Hansini MATHAN,2026-05-24,WTT Youth Star Contender Bangkok 2026,10,U19 Girls' Singles,U19 Girls' Singles - Round of 16 - Match 5,145035,WU Jia-En,0-3,W
145804,Hansini MATHAN,2026-05-24,WTT Youth Star Contender Bangkok 2026,10,U19 Girls' Singles,U19 Girls' Singles - Quarterfinal - Match 3,203122,CHEN Chi-Yun,1-3,L
145804,Hansini MATHAN,2026-06-01,WTT Youth Contender Sandefjord 2026,12,U19 Girls' Singles,U19 Girls' Singles - Group 3 - Match 2,200186,Agnes SVENSSON,0-3,W
145804,Hansini MATHAN,2026-06-02,WTT Youth Contender Sandefjord 2026,12,U19 Girls' Singles,U19 Girls' Singles - Round of 16 - Match 5,202442,Stella ROSENMEIER,3-0,W
145804,Hansini MATHAN,2026-06-02,WTT Youth Contender Sandefjord 2026,12,U19 Girls' Singles,U19 Girls' Singles - Final - Match 1,206997,Tushti SOOD,0-3,W
145804,Hansini MATHAN,2026-06-02,WTT Youth Contender Sandefjord 2026,12,U19 Girls' Singles,U19 Girls' Singles - Quarterfinal - Match 3,201097,Siri BENJEGARD,3-1,W
145804,Hansini MATHAN,2026-06-02,WTT Youth Contender Sandefjord 2026,12,U19 Girls' Singles,U19 Girls' Singles - Semifinal - Match 2,200271,Nina SKERBINZ,3-1,W
145804,Hansini MATHAN,2026-06-04,WTT Youth Contender Helsingborg 2026,12,U17 Girls' Singles,U17 Girls' Singles - Group 3 - Match 1,212243,Weronika WSZOLEK,3-1,W
145804,Hansini MATHAN,2026-06-04,WTT Youth Contender Helsingborg 2026,12,U17 Girls' Singles,U17 Girls' Singles - Group 3 - Match 2,201096,Laurynne CABARDO,3-0,W
145804,Hansini MATHAN,2026-06-04,WTT Youth Contender Helsingborg 2026,12,U17 Girls' Singles,U17 Girls' Singles - Round of 16 - Match 4,213507,Chloe HUANG,0-3,W
145804,Hansini MATHAN,2026-06-05,WTT Youth Contender Helsingborg 2026,12,U17 Girls' Singles,U17 Girls' Singles - Quarterfinal - Match 2,203956,Albane ROCHUT,1-3,W
145804,Hansini MATHAN,2026-06-05,WTT Youth Contender Helsingborg 2026,12,U17 Girls' Singles,U17 Girls' Singles - Semifinal - Match 1,146232,Nina GUO ZHENG,3-2,L
145804,Hansini MATHAN,2026-06-06,WTT Youth Contender Helsingborg 2026,12,U19 Girls' Singles,U19 Girls' Singles - Group 6 - Match 1,202556,Frida ZETTERSTROM,3-1,W
145804,Hansini MATHAN,2026-06-06,WTT Youth Contender Helsingborg 2026,12,U19 Girls' Singles,U19 Girls' Singles - Group 6 - Match 2,200764,Wanessa KULCZYCKA,3-0,W
145804,Hansini MATHAN,2026-06-07,WTT Youth Contender Helsingborg 2026,12,U19 Girls' Singles,U19 Girls' Singles - Round of 16 - Match 2,200185,Zofia SLIWKA,3-1,L
200839,Kavya BHATT,2025-07-25,WTT Youth Contender Almaty 2025,12,,U19 Girls Singles - Group 8 - Match 2,204508,PARK Yunyeong,3-0,W
200839,Kavya BHATT,2025-07-25,WTT Youth Contender Almaty 2025,12,,U19 Girls Singles - Group 8 - Match 1,209403,LIN Huan Ting,3-2,W
200839,Kavya BHATT,2025-07-26,WTT Youth Contender Almaty 2025,12,,U19 Girls Singles - Round of 32 - Match 12,221624,Amina ILIMBETOVA,3-0,L
200839,Kavya BHATT,2025-10-21,WTT Youth Contender Dubai 2025,12,,U17 Girls Singles - Group 3 - Match 2,202844,NG Jing Xuan,3-0,W
200839,Kavya BHATT,2025-10-21,WTT Youth Contender Dubai 2025,12,,U17 Girls Singles - Group 3 - Match 1,201253,Mariam YAAQEIB,3-0,W
200839,Kavya BHATT,2025-10-21,WTT Youth Contender Dubai 2025,12,,U17 Girls Singles - Round of 16 - Match 5,202553,Khadeeja ELHAKIM,3-1,W
200839,Kavya BHATT,2025-10-22,WTT Youth Contender Dubai 2025,12,,U17 Girls Singles - Final - Match 1,137752,Zlata TEREKHOVA,0-3,W
200839,Kavya BHATT,2025-10-22,WTT Youth Contender Dubai 2025,12,,U17 Girls Singles - Semifinal - Match 2,204496,CHOI Seowon,3-2,W
200839,Kavya BHATT,2025-10-22,WTT Youth Contender Dubai 2025,12,,U17 Girls Singles - Quarterfinal - Match 3,203075,Farida THABET,3-0,W
200839,Kavya BHATT,2025-10-23,WTT Youth Contender Dubai 2025,12,,U19 Girls Singles - Group 3 - Match 1,205709,KIM Gyurin,3-0,W
200839,Kavya BHATT,2025-10-23,WTT Youth Contender Dubai 2025,12,,U19 Girls Singles - Group 3 - Match 2,203075,Farida THABET,3-0,W
200839,Kavya BHATT,2025-10-24,WTT Youth Contender Dubai 2025,12,,U19 Girls Singles - Quarterfinal - Match 2,135900,Ananya CHANDE,3-1,L
200839,Kavya BHATT,2025-10-24,WTT Youth Contender Dubai 2025,12,,U19 Girls Singles - Round of 16 - Match 4,137516,Mariam YOUNES,0-3,W
200839,Kavya BHATT,2026-01-02,WTT Youth Contender Vadodara 2026 Presented by Sports Authority of Gujarat,12,,U17 Girls' Singles - Round of 32 - Match 13,212842,,3-0,W
200839,Kavya BHATT,2026-01-02,WTT Youth Contender Vadodara 2026 Presented by Sports Authority of Gujarat,12,,U17 Girls' Singles - Group 5 - Match 1,220435,,3-0,W
200839,Kavya BHATT,2026-01-02,WTT Youth Contender Vadodara 2026 Presented by Sports Authority of Gujarat,12,,U17 Girls' Singles - Group 5 - Match 2,220673,,3-0,W
200839,Kavya BHATT,2026-01-02,WTT Youth Contender Vadodara 2026 Presented by Sports Authority of Gujarat,12,,U17 Girls' Singles - Round of 16 - Match 7,202825,Subhomita BASAK,3-0,W
200839,Kavya BHATT,2026-01-03,WTT Youth Contender Vadodara 2026 Presented by Sports Authority of Gujarat,12,,U17 Girls' Singles - Quarterfinal - Match 4,205512,Miku MATSUSHIMA,2-3,L
200839,Kavya BHATT,2026-01-04,WTT Youth Contender Vadodara 2026 Presented by Sports Authority of Gujarat,12,,U19 Girls' Singles - Group 5 - Match 2,222589,,3-0,W
200839,Kavya BHATT,2026-01-04,WTT Youth Contender Vadodara 2026 Presented by Sports Authority of Gujarat,12,,U19 Girls' Singles - Group 5 - Match 1,200819,Sharvani NAGAM,3-1,W
200839,Kavya BHATT,2026-01-05,WTT Youth Contender Vadodara 2026 Presented by Sports Authority of Gujarat,12,,U19 Girls' Singles - Quarterfinal - Match 4,205512,Miku MATSUSHIMA,0-3,L
200839,Kavya BHATT,2026-01-05,WTT Youth Contender Vadodara 2026 Presented by Sports Authority of Gujarat,12,,U19 Girls' Singles - Round of 16 - Match 7,220721,Prachi GHOSH,3-1,W
200839,Kavya BHATT,2026-01-05,WTT Youth Contender Vadodara 2026 Presented by Sports Authority of Gujarat,12,,U19 Girls' Singles - Round of 32 - Match 13,211455,,3-1,W
200839,Kavya BHATT,2026-01-09,WTT Feeder Vadodara 2026 Presented by Sports Authority of Gujarat,7,,Women's Singles - Round of 32 - Match 3,134888,Poymantee BAISYA,2-3,L
200839,Kavya BHATT,2026-01-14,WTT Youth Contender Manama 2026,12,,U17 Girls' Singles - Group 5 - Match 1,222470,Jargalmaa JAMIYANDAGVA,3-0,W
200839,Kavya BHATT,2026-01-14,WTT Youth Contender Manama 2026,12,,U17 Girls' Singles - Group 5 - Match 2,206727,Nihal ALQAHTANI,3-0,W
200839,Kavya BHATT,2026-01-14,WTT Youth Contender Manama 2026,12,,U17 Girls' Singles - Round of 16 - Match 2,222443,Sofiia KUDERSKAIA,0-3,W
200839,Kavya BHATT,2026-01-15,WTT Youth Contender Manama 2026,12,,U17 Girls' Singles - Semifinal - Match 1,137770,Eseniia SHIROKOVA,1-3,L
200839,Kavya BHATT,2026-01-15,WTT Youth Contender Manama 2026,12,,U17 Girls' Singles - Quarterfinal - Match 1,201874,WU Ying Syuan,0-3,W
200839,Kavya BHATT,2026-01-16,WTT Youth Contender Manama 2026,12,,U19 Girls' Singles - Group 5 - Match 6,207515,Rayan EMAD,3-0,W
200839,Kavya BHATT,2026-01-16,WTT Youth Contender Manama 2026,12,,U19 Girls' Singles - Group 5 - Match 3,201972,Stuti KASHYAP,3-1,L
200839,Kavya BHATT,2026-01-16,WTT Youth Contender Manama 2026,12,,U19 Girls' Singles - Group 5 - Match 2,221619,,3-0,W
200839,Kavya BHATT,2026-01-17,WTT Youth Contender Manama 2026,12,,U19 Girls' Singles - Round of 16 - Match 2,137752,Zlata TEREKHOVA,0-3,L
200839,Kavya BHATT,2026-01-19,WTT Youth Contender Doha 2026,12,,U17 Girls' Singles - Group 8 - Match 1,206732,Zahra ALABBAD,3-0,W
200839,Kavya BHATT,2026-01-19,WTT Youth Contender Doha 2026,12,,U17 Girls' Singles - Round of 16 - Match 6,205794,LIN Wan-Rong,3-1,L
200839,Kavya BHATT,2026-01-19,WTT Youth Contender Doha 2026,12,,U17 Girls' Singles - Group 8 - Match 2,201305,Rokaia ELBAZ,3-2,W
200839,Kavya BHATT,2026-01-21,WTT Youth Contender Doha 2026,12,,U19 Girls' Singles - Group 5 - Match 3,134974,Fathimath ALI,3-2,W
200839,Kavya BHATT,2026-01-21,WTT Youth Contender Doha 2026,12,,U19 Girls' Singles - Group 5 - Match 2,200456,Koharu ITAGAKI,3-1,L
200839,Kavya BHATT,2026-01-22,WTT Youth Contender Doha 2026,12,,U19 Girls' Singles - Round of 16 - Match 2,145033,PENG Yu-Han,1-3,L
200839,Kavya BHATT,2026-01-23,WTT Youth Star Contender Doha 2026,10,,U19 Girls' Singles - Group 3 - Match 2,137487,Bissan CHIRI,3-0,W
200839,Kavya BHATT,2026-01-24,WTT Youth Star Contender Doha 2026,10,,U19 Girls' Singles - Group 3 - Match 6,201271,MAK Ming Shum,0-3,L
200839,Kavya BHATT,2026-01-24,WTT Youth Star Contender Doha 2026,10,,U19 Girls' Singles - Group 3 - Match 3,201874,WU Ying Syuan,0-3,W
200839,Kavya BHATT,2026-01-25,WTT Youth Star Contender Doha 2026,10,,U19 Girls' Singles - Round of 16 - Match 2,145033,PENG Yu-Han,1-3,L
200839,Kavya BHATT,2026-02-12,WTT Star Contender Chennai 2026,4,,Women's Singles - Round of 64 - Match 11,134887,Nithya MANI,3-2,L
200839,Kavya BHATT,2026-05-18,WTT Youth Contender Bangkok 2026,12,U17 Girls' Singles,U17 Girls' Singles - Round of 16 - Match 6,201874,WU Ying Syuan,3-2,W
200839,Kavya BHATT,2026-05-18,WTT Youth Contender Bangkok 2026,12,U17 Girls' Singles,U17 Girls' Singles - Round of 32 - Match 11,201438,Kulapassr VIJITVIRIYAGUL,3-1,W
200839,Kavya BHATT,2026-05-18,WTT Youth Contender Bangkok 2026,12,U17 Girls' Singles,U17 Girls' Singles - Round of 64 - Match 21,201454,CHIANG Janelle,3-0,W
200839,Kavya BHATT,2026-05-18,WTT Youth Contender Bangkok 2026,12,U17 Girls' Singles,U17 Girls' Singles - Group 14 - Match 1,203097,SIE Lay Yin,3-0,W
200839,Kavya BHATT,2026-05-18,WTT Youth Contender Bangkok 2026,12,U17 Girls' Singles,U17 Girls' Singles - Group 14 - Match 2,206727,Nihal ALQAHTANI,3-0,W
200839,Kavya BHATT,2026-05-19,WTT Youth Contender Bangkok 2026,12,U17 Girls' Singles,U17 Girls' Singles - Quarterfinal - Match 3,209007,YAO Ruixuan,3-1,L
200839,Kavya BHATT,2026-05-20,WTT Youth Contender Bangkok 2026,12,U19 Girls' Singles,U19 Girls' Singles - Group 16 - Match 1,206197,Joanna ESGUERRA,3-0,W
200839,Kavya BHATT,2026-05-20,WTT Youth Contender Bangkok 2026,12,U19 Girls' Singles,U19 Girls' Singles - Group 16 - Match 2,201265,ZHANG Jia Yu,3-1,W
200839,Kavya BHATT,2026-05-21,WTT Youth Contender Bangkok 2026,12,U19 Girls' Singles,U19 Girls' Singles - Round of 32 - Match 3,205325,Shiki KUSAKABE,0-3,L
200839,Kavya BHATT,2026-05-22,WTT Youth Star Contender Bangkok 2026,10,U19 Girls' Singles,U19 Girls' Singles - Group 1 - Match 1,206252,SU Tsz Tung,3-1,L
200839,Kavya BHATT,2026-05-23,WTT Youth Star Contender Bangkok 2026,10,U19 Girls' Singles,U19 Girls' Singles - Group 1 - Match 4,202344,Wiranchana SREECHAK,3-1,W
200839,Kavya BHATT,2026-05-23,WTT Youth Star Contender Bangkok 2026,10,U19 Girls' Singles,U19 Girls' Singles - Group 1 - Match 6,202817,MOHD Dania,0-3,W
200839,Kavya BHATT,2026-05-24,WTT Youth Star Contender Bangkok 2026,10,U19 Girls' Singles,U19 Girls' Singles - Round of 16 - Match 6,203122,CHEN Chi-Yun,1-3,L
201372,Sarthak ARYA,2026-01-02,WTT Youth Contender Vadodara 2026 Presented by Sports Authority of Gujarat,12,,U17 Boys' Singles - Round of 16 - Match 6,200303,Nikkhil MANNATH,3-1,W
201372,Sarthak ARYA,2026-01-02,WTT Youth Contender Vadodara 2026 Presented by Sports Authority of Gujarat,12,,U17 Boys' Singles - Group 10 - Match 2,206750,Reyansh JALAN,3-0,W
201372,Sarthak ARYA,2026-01-02,WTT Youth Contender Vadodara 2026 Presented by Sports Authority of Gujarat,12,,U17 Boys' Singles - Group 10 - Match 1,200308,Parth PRABHAKAR,3-0,W
201372,Sarthak ARYA,2026-01-02,WTT Youth Contender Vadodara 2026 Presented by Sports Authority of Gujarat,12,,U17 Boys' Singles - Round of 32 - Match 11,221734,,3-1,W
201372,Sarthak ARYA,2026-01-03,WTT Youth Contender Vadodara 2026 Presented by Sports Authority of Gujarat,12,,U17 Boys' Singles - Quarterfinal - Match 3,208752,Sahil RAWAT,3-0,L
201372,Sarthak ARYA,2026-01-04,WTT Youth Contender Vadodara 2026 Presented by Sports Authority of Gujarat,12,,U19 Boys' Singles - Group 15 - Match 1,209107,Ronald SARKAR,3-0,W
201372,Sarthak ARYA,2026-01-04,WTT Youth Contender Vadodara 2026 Presented by Sports Authority of Gujarat,12,,U19 Boys' Singles - Group 15 - Match 2,220492,,3-1,W
201372,Sarthak ARYA,2026-01-05,WTT Youth Contender Vadodara 2026 Presented by Sports Authority of Gujarat,12,,U19 Boys' Singles - Round of 32 - Match 14,221734,,0-3,W
201372,Sarthak ARYA,2026-01-05,WTT Youth Contender Vadodara 2026 Presented by Sports Authority of Gujarat,12,,U19 Boys' Singles - Final - Match 1,200301,Priyanuj BHATTACHARYYA,3-0,L
201372,Sarthak ARYA,2026-01-05,WTT Youth Contender Vadodara 2026 Presented by Sports Authority of Gujarat,12,,U19 Boys' Singles - Semifinal - Match 2,201204,Kushal CHOPDA,0-3,W
201372,Sarthak ARYA,2026-01-05,WTT Youth Contender Vadodara 2026 Presented by Sports Authority of Gujarat,12,,U19 Boys' Singles - Quarterfinal - Match 4,200235,Sudhanshu MAINI,3-1,W
201372,Sarthak ARYA,2026-01-05,WTT Youth Contender Vadodara 2026 Presented by Sports Authority of Gujarat,12,,U19 Boys' Singles - Round of 16 - Match 7,212660,Mehan SENTHIL,0-3,W
201372,Sarthak ARYA,2026-01-07,WTT Feeder Vadodara 2026 Presented by Sports Authority of Gujarat,7,,Men's Singles - Group 11 - Match 2,144844,Oishik GHOSH,0-3,W
201372,Sarthak ARYA,2026-01-08,WTT Feeder Vadodara 2026 Presented by Sports Authority of Gujarat,7,,Men's Singles - Qualifying Round 1 - Match 7,132776,Raegan ALBUQUERQUE,2-3,W
201372,Sarthak ARYA,2026-01-08,WTT Feeder Vadodara 2026 Presented by Sports Authority of Gujarat,7,,Men's Singles - Group 11 - Match 3,223688,Shayan SARKAR,3-0,W
201372,Sarthak ARYA,2026-01-09,WTT Feeder Vadodara 2026 Presented by Sports Authority of Gujarat,7,,Men's Singles - Round of 32 - Match 10,145454,Sarth MISHRA,0-3,W
201372,Sarthak ARYA,2026-01-10,WTT Feeder Vadodara 2026 Presented by Sports Authority of Gujarat,7,,Men's Singles - Round of 16 - Match 5,131917,Payas JAIN,3-0,L
201372,Sarthak ARYA,2026-04-27,WTT Youth Contender Sarajevo 2026,12,U17 Boys' Singles,U17 Boys' Singles - Group 4 - Match 1,203672,Dino ZLOTRG,3-0,W
201372,Sarthak ARYA,2026-04-27,WTT Youth Contender Sarajevo 2026,12,U17 Boys' Singles,U17 Boys' Singles - Round of 16 - Match 5,209147,Sebastian LENZ,3-1,W
201372,Sarthak ARYA,2026-04-27,WTT Youth Contender Sarajevo 2026,12,U17 Boys' Singles,U17 Boys' Singles - Group 4 - Match 2,201361,Davit CHEDISHVILI,3-0,W
201372,Sarthak ARYA,2026-04-28,WTT Youth Contender Sarajevo 2026,12,U17 Boys' Singles,U17 Boys' Singles - Semifinal - Match 2,201473,Jonas RINDERER,3-2,W
201372,Sarthak ARYA,2026-04-28,WTT Youth Contender Sarajevo 2026,12,U17 Boys' Singles,U17 Boys' Singles - Quarterfinal - Match 3,200863,Lenard SZABO,3-1,W
201372,Sarthak ARYA,2026-04-28,WTT Youth Contender Sarajevo 2026,12,U17 Boys' Singles,U17 Boys' Singles - Final - Match 1,204112,Berk OZTOPRAK,3-2,L
201372,Sarthak ARYA,2026-04-29,WTT Youth Contender Sarajevo 2026,12,U19 Boys' Singles,U19 Boys' Singles - Group 9 - Match 1,200480,Novak ZAGORAC,3-0,W
201372,Sarthak ARYA,2026-04-29,WTT Youth Contender Sarajevo 2026,12,U19 Boys' Singles,U19 Boys' Singles - Group 9 - Match 2,201474,Samuel KUHL,3-1,W
201372,Sarthak ARYA,2026-04-30,WTT Youth Contender Sarajevo 2026,12,U19 Boys' Singles,U19 Boys' Singles - Round of 32 - Match 10,200865,Balazs POOR,1-3,W
201372,Sarthak ARYA,2026-04-30,WTT Youth Contender Sarajevo 2026,12,U19 Boys' Singles,U19 Boys' Singles - Round of 16 - Match 5,137713,Dominykas SAMUOLIS,3-1,L
201372,Sarthak ARYA,2026-05-13,WTT Youth Contender Tashkent 2026,12,U17 Boys' Singles,U17 Boys' Singles - Round of 32 - Match 5,209894,Hleb KHATSIANOVICH,3-1,W
201372,Sarthak ARYA,2026-05-13,WTT Youth Contender Tashkent 2026,12,U17 Boys' Singles,U17 Boys' Singles - Group 5 - Match 2,223872,Arseni LIASHNEUSKI,3-0,W
201372,Sarthak ARYA,2026-05-13,WTT Youth Contender Tashkent 2026,12,U17 Boys' Singles,U17 Boys' Singles - Group 5 - Match 1,205862,Aslan TALGAT,3-0,W
201372,Sarthak ARYA,2026-05-13,WTT Youth Contender Tashkent 2026,12,U17 Boys' Singles,U17 Boys' Singles - Round of 16 - Match 3,203933,Rahmatillo ABDURASHIDOV,3-0,W
201372,Sarthak ARYA,2026-05-14,WTT Youth Contender Tashkent 2026,12,U17 Boys' Singles,U17 Boys' Singles - Semifinal - Match 1,201274,LI Ki Ho,3-0,L
201372,Sarthak ARYA,2026-05-14,WTT Youth Contender Tashkent 2026,12,U17 Boys' Singles,U17 Boys' Singles - Quarterfinal - Match 2,209396,MAN Lung Sai,3-1,W
201372,Sarthak ARYA,2026-05-15,WTT Youth Contender Tashkent 2026,12,U19 Boys' Singles,U19 Boys' Singles - Group 6 - Match 1,205862,Aslan TALGAT,3-1,W
201372,Sarthak ARYA,2026-05-15,WTT Youth Contender Tashkent 2026,12,U19 Boys' Singles,U19 Boys' Singles - Group 6 - Match 2,221330,Abdullo ABDUKODIROV,3-0,W
201372,Sarthak ARYA,2026-05-16,WTT Youth Contender Tashkent 2026,12,U19 Boys' Singles,U19 Boys' Singles - Quarterfinal - Match 1,136052,Aleksei SAMOKHIN,0-3,W
201372,Sarthak ARYA,2026-05-16,WTT Youth Contender Tashkent 2026,12,U19 Boys' Singles,U19 Boys' Singles - Round of 32 - Match 4,223221,Badrineyen NANDAGOPAL,1-3,W
201372,Sarthak ARYA,2026-05-16,WTT Youth Contender Tashkent 2026,12,U19 Boys' Singles,U19 Boys' Singles - Semifinal - Match 1,201371,Balamurugan RAJASEKARAN,0-3,L
201372,Sarthak ARYA,2026-05-16,WTT Youth Contender Tashkent 2026,12,U19 Boys' Singles,U19 Boys' Singles - Round of 16 - Match 2,144627,Evgenii VASIKOV,2-3,W
201372,Sarthak ARYA,2026-05-18,WTT Youth Contender Bangkok 2026,12,U17 Boys' Singles,U17 Boys' Singles - Round of 32 - Match 2,209397,LAM Sheung Man,3-2,L
201372,Sarthak ARYA,2026-05-18,WTT Youth Contender Bangkok 2026,12,U17 Boys' Singles,U17 Boys' Singles - Round of 64 - Match 4,203315,HUANG Pei-You,3-0,W
201372,Sarthak ARYA,2026-05-18,WTT Youth Contender Bangkok 2026,12,U17 Boys' Singles,U17 Boys' Singles - Group 12 - Match 2,210048,Hayato TAMBA,0-3,L
201372,Sarthak ARYA,2026-05-18,WTT Youth Contender Bangkok 2026,12,U17 Boys' Singles,U17 Boys' Singles - Group 12 - Match 1,207106,DOAN KIEN TAN Nguyen,3-2,W
201372,Sarthak ARYA,2026-05-20,WTT Youth Contender Bangkok 2026,12,U19 Boys' Singles,U19 Boys' Singles - Group 21 - Match 1,222053,RAZAK Muhammad,3-0,W
201372,Sarthak ARYA,2026-05-20,WTT Youth Contender Bangkok 2026,12,U19 Boys' Singles,U19 Boys' Singles - Group 21 - Match 2,209397,LAM Sheung Man,3-2,W
201372,Sarthak ARYA,2026-05-21,WTT Youth Contender Bangkok 2026,12,U19 Boys' Singles,U19 Boys' Singles - Round of 64 - Match 22,203583,Hinata MOCHIDA,1-3,W
201372,Sarthak ARYA,2026-05-21,WTT Youth Contender Bangkok 2026,12,U19 Boys' Singles,U19 Boys' Singles - Round of 16 - Match 6,205967,HUNG Che-Yen,1-3,L
201372,Sarthak ARYA,2026-05-21,WTT Youth Contender Bangkok 2026,12,U19 Boys' Singles,U19 Boys' Singles - Round of 32 - Match 11,202749,LOY Xing Yao,1-3,W
201372,Sarthak ARYA,2026-05-22,WTT Youth Star Contender Bangkok 2026,10,U19 Boys' Singles,U19 Boys' Singles - Group 3 - Match 2,203202,YU Yi-Cing,1-3,L
201372,Sarthak ARYA,2026-05-23,WTT Youth Star Contender Bangkok 2026,10,U19 Boys' Singles,U19 Boys' Singles - Group 3 - Match 3,143604,Tamito WATANABE,2-3,W
201372,Sarthak ARYA,2026-05-23,WTT Youth Star Contender Bangkok 2026,10,U19 Boys' Singles,U19 Boys' Singles - Group 3 - Match 6,202749,LOY Xing Yao,2-3,L
213004,Sreejani CHAKRABORTY,2026-01-02,WTT Youth Contender Vadodara 2026 Presented by Sports Authority of Gujarat,12,,U17 Girls' Singles - Group 15 - Match 1,223607,Sukrati SHARMA,3-1,W
213004,Sreejani CHAKRABORTY,2026-01-02,WTT Youth Contender Vadodara 2026 Presented by Sports Authority of Gujarat,12,,U17 Girls' Singles - Group 15 - Match 2,213002,,3-0,W
213004,Sreejani CHAKRABORTY,2026-01-02,WTT Youth Contender Vadodara 2026 Presented by Sports Authority of Gujarat,12,,U17 Girls' Singles - Round of 32 - Match 3,212759,Chinthanaya NANDAGOPAL,3-0,W
213004,Sreejani CHAKRABORTY,2026-01-02,WTT Youth Contender Vadodara 2026 Presented by Sports Authority of Gujarat,12,,U17 Girls' Singles - Round of 16 - Match 2,222589,,2-3,L
213004,Sreejani CHAKRABORTY,2026-01-04,WTT Youth Contender Vadodara 2026 Presented by Sports Authority of Gujarat,12,,U15 Girls' Singles - Group 7 - Match 1,207900,Khyati PANDE,3-0,W
213004,Sreejani CHAKRABORTY,2026-01-04,WTT Youth Contender Vadodara 2026 Presented by Sports Authority of Gujarat,12,,U15 Girls' Singles - Group 7 - Match 2,202825,Subhomita BASAK,3-0,W
213004,Sreejani CHAKRABORTY,2026-01-05,WTT Youth Contender Vadodara 2026 Presented by Sports Authority of Gujarat,12,,U15 Girls' Singles - Final - Match 1,203837,Tanishka KALBHAIRAV,2-3,W
213004,Sreejani CHAKRABORTY,2026-01-05,WTT Youth Contender Vadodara 2026 Presented by Sports Authority of Gujarat,12,,U15 Girls' Singles - Semifinal - Match 2,202752,Naisha REWASKAR,3-1,W
213004,Sreejani CHAKRABORTY,2026-01-05,WTT Youth Contender Vadodara 2026 Presented by Sports Authority of Gujarat,12,,U15 Girls' Singles - Round of 16 - Match 6,202918,Ahona RAY,2-3,W
213004,Sreejani CHAKRABORTY,2026-01-05,WTT Youth Contender Vadodara 2026 Presented by Sports Authority of Gujarat,12,,U15 Girls' Singles - Round of 32 - Match 12,205437,Daniya GODIL,0-3,W
213004,Sreejani CHAKRABORTY,2026-01-19,WTT Youth Contender Doha 2026,12,,U17 Girls' Singles - Group 1 - Match 3,201265,ZHANG Jia Yu,1-3,L
213004,Sreejani CHAKRABORTY,2026-01-19,WTT Youth Contender Doha 2026,12,,U17 Girls' Singles - Group 1 - Match 2,204138,HEO Yerim,3-0,L
213004,Sreejani CHAKRABORTY,2026-01-21,WTT Youth Contender Doha 2026,12,,U15 Girls' Singles - Group 7 - Match 2,223827,,3-0,W
213004,Sreejani CHAKRABORTY,2026-01-21,WTT Youth Contender Doha 2026,12,,U15 Girls' Singles - Group 7 - Match 3,201420,Sophia PICHLER,0-3,W
213004,Sreejani CHAKRABORTY,2026-01-21,WTT Youth Contender Doha 2026,12,,U15 Girls' Singles - Group 7 - Match 6,223584,,3-0,W
213004,Sreejani CHAKRABORTY,2026-01-22,WTT Youth Contender Doha 2026,12,,U15 Girls' Singles - Final - Match 1,202918,Ahona RAY,1-3,W
213004,Sreejani CHAKRABORTY,2026-01-22,WTT Youth Contender Doha 2026,12,,U15 Girls' Singles - Semifinal - Match 2,202752,Naisha REWASKAR,1-3,W
213004,Sreejani CHAKRABORTY,2026-01-22,WTT Youth Contender Doha 2026,12,,U15 Girls' Singles - Quarterfinal - Match 4,201305,Rokaia ELBAZ,3-2,W
213004,Sreejani CHAKRABORTY,2026-01-22,WTT Youth Contender Doha 2026,12,,U15 Girls' Singles - Round of 16 - Match 7,204111,Ela YONTER,3-1,W
213004,Sreejani CHAKRABORTY,2026-01-24,WTT Youth Star Contender Doha 2026,10,,U15 Girls' Singles - Group 6 - Match 3,222004,CHEN Xinrou,2-3,L
213004,Sreejani CHAKRABORTY,2026-01-24,WTT Youth Star Contender Doha 2026,10,,U15 Girls' Singles - Group 6 - Match 2,201477,Amelie JIA,2-3,W
213004,Sreejani CHAKRABORTY,2026-01-25,WTT Youth Star Contender Doha 2026,10,,U15 Girls' Singles - Round of 16 - Match 3,201265,ZHANG Jia Yu,3-1,L
213004,Sreejani CHAKRABORTY,2026-04-08,ITTF-ATTU South Asia Youth Championships Shimla 2026,,,,225320,Aishath THASEEN,0-3,W
213004,Sreejani CHAKRABORTY,2026-04-08,ITTF-ATTU South Asia Youth Championships Shimla 2026,,,,206828,Aishath NAFIZ,0-0,L
213004,Sreejani CHAKRABORTY,2026-04-09,ITTF-ATTU South Asia Youth Championships Shimla 2026,,,,210933,Sithma HIKKADUWA,0-3,W
213004,Sreejani CHAKRABORTY,2026-04-09,ITTF-ATTU South Asia Youth Championships Shimla 2026,,,,223720,Arsana MAHARJAN,0-0,L
213004,Sreejani CHAKRABORTY,2026-04-09,ITTF-ATTU South Asia Youth Championships Shimla 2026,,,,203204,Suramya SHAKYA,0-3,W
213004,Sreejani CHAKRABORTY,2026-05-18,WTT Youth Contender Bangkok 2026,12,U17 Girls' Singles,U17 Girls' Singles - Round of 64 - Match 6,209403,LIN Huan Ting,0-3,L
213004,Sreejani CHAKRABORTY,2026-05-18,WTT Youth Contender Bangkok 2026,12,U17 Girls' Singles,U17 Girls' Singles - Group 18 - Match 3,209249,BUI Ngoc Anh,3-0,W
213004,Sreejani CHAKRABORTY,2026-05-18,WTT Youth Contender Bangkok 2026,12,U17 Girls' Singles,U17 Girls' Singles - Group 18 - Match 2,201438,Kulapassr VIJITVIRIYAGUL,3-2,L
213004,Sreejani CHAKRABORTY,2026-05-20,WTT Youth Contender Bangkok 2026,12,U15 Girls' Singles,U15 Girls' Singles - Group 12 - Match 2,210844,Lydia TRAN,3-0,W
213004,Sreejani CHAKRABORTY,2026-05-20,WTT Youth Contender Bangkok 2026,12,U15 Girls' Singles,U15 Girls' Singles - Group 12 - Match 1,212523,ENG Zhi Yu,3-0,W
213004,Sreejani CHAKRABORTY,2026-05-21,WTT Youth Contender Bangkok 2026,12,U15 Girls' Singles,U15 Girls' Singles - Quarterfinal - Match 2,212900,LIU Zitong,3-0,L
213004,Sreejani CHAKRABORTY,2026-05-21,WTT Youth Contender Bangkok 2026,12,U15 Girls' Singles,U15 Girls' Singles - Round of 16 - Match 4,201137,LIAO Yixuan,3-1,W
213004,Sreejani CHAKRABORTY,2026-05-21,WTT Youth Contender Bangkok 2026,12,U15 Girls' Singles,U15 Girls' Singles - Round of 32 - Match 7,209102,YONG Wan Suan,3-0,W
213004,Sreejani CHAKRABORTY,2026-05-22,WTT Youth Star Contender Bangkok 2026,10,U15 Girls' Singles,U15 Girls' Singles - Group 3 - Match 2,209102,YONG Wan Suan,3-1,W
213004,Sreejani CHAKRABORTY,2026-05-23,WTT Youth Star Contender Bangkok 2026,10,U15 Girls' Singles,U15 Girls' Singles - Group 3 - Match 3,201265,ZHANG Jia Yu,3-1,L
213004,Sreejani CHAKRABORTY,2026-05-23,WTT Youth Star Contender Bangkok 2026,10,U15 Girls' Singles,U15 Girls' Singles - Group 3 - Match 6,202843,SEE Chevelle,3-1,W
213004,Sreejani CHAKRABORTY,2026-05-24,WTT Youth Star Contender Bangkok 2026,10,U15 Girls' Singles,U15 Girls' Singles - Round of 16 - Match 4,212884,DU Hanjing,0-3,L
